<?xml version="1.0" encoding="UTF-8"?>
<configuration>
    <oatconfig>
        <filefilterlist>
            <filefilter
                desc="Filters for copyright header policies"
                name="copyrightPolicyFilter">
                <filteritem
                    desc="hvigor script, Automatically generated by DevEco Studio"
                    name="entry/src/main/ets/entryability/EntryAbility.ts"
                    type="filepath"/>
                <filteritem
                    desc="hvigor script, Automatically generated by DevEco Studio"
                    name="entry/src/ohosTest/ets/testrunner/OpenHarmonyTestRunner.ts"
                    type="filepath"/>
                <filteritem
                    desc="hvigor script, Automatically generated by DevEco Studio"
                    name="hvigorw.bat"
                    type="filename"/>
                <filteritem
                    desc="hvigor script, Automatically generated by DevEco Studio"
                    name="hvigorw"
                    type="filename"/>
                <filteritem
                    desc="hvigor script, Automatically generated by DevEco Studio"
                    name="hvigorfile.ts"
                    type="filename"/>
                <filteritem
                    desc="hvigor script, Automatically generated by DevEco Studio"
                    name="hvigor/hvigor-wrapper.js"
                    type="filepath"/>
                <filteritem
                    desc="hvigor profile, Automatically generated by DevEco Studio"
                    name="*.json5"
                    type="filename"/>
            </filefilter>
            <filefilter
                desc="Filters for compatibility, license header policies"
                name="defaultPolicyFilter">
                <filteritem
                    desc="hvigor script, Automatically generated by DevEco Studio"
                    name="entry/src/main/ets/entryability/EntryAbility.ts"
                    type="filepath"/>
                <filteritem
                    desc="hvigor script, Automatically generated by DevEco Studio"
                    name="entry/src/ohosTest/ets/testrunner/OpenHarmonyTestRunner.ts"
                    type="filepath"/>
                <filteritem
                    desc="hvigor script, Automatically generated by DevEco Studio"
                    name="hvigorw.bat"
                    type="filename"/>
                <filteritem
                    desc="hvigor script, Automatically generated by DevEco Studio"
                    name="hvigorw"
                    type="filename"/>
                <filteritem
                    desc="hvigor script, Automatically generated by DevEco Studio"
                    name="hvigorfile.ts"
                    type="filename"/>
                <filteritem
                    desc="hvigor script, Automatically generated by DevEco Studio"
                    name="hvigor/hvigor-wrapper.js"
                    type="filepath"/>
                <filteritem
                    desc="hvigor profile, Automatically generated by DevEco Studio"
                    name="*.json5"
                    type="filename"/>
            </filefilter>
            <filefilter
                desc="Filters for resources files policies"
                name="binaryFileTypePolicyFilter">
                <filteritem
                    desc="icon资源文件，DevEco Studio自动生成，无安全风险"
                    name="entry/src/ohosTest/resources/base/media/icon.png"
                    type="filepath"/>
                <filteritem
                    desc="icon资源文件，DevEco Studio自动生成，无安全风险"
                    name="AppScope/resources/base/media/app_icon.png"
                    type="filepath"/>
                <filteritem
                    desc="icon资源文件，DevEco Studio自动生成，无安全风险"
                    name="entry/src/main/resources/base/media/icon.png"
                    type="filepath"/>
                <filteritem
                    desc="hvigor配置文件，DevEco Studio自动生成，不手动修改"
                    name="*.json5"
                    type="filename"/>
            </filefilter>
        </filefilterlist>
        <policylist>
            <policy
                desc="配置兼容的协议等，需要指定具体的path和通过desc说明原因"
                name="projectPolicy">
                <policyitem
                    desc="本库属于示例代码，匹配原库协议，符合开源要求"
                    filefilter="defaultPolicyFilter"
                    group="defaultGroup"
                    name="ThirdPartyNotice"
                    path="NOTICE"
                    type="license"/>
            </policy>
        </policylist>
    </oatconfig>
</configuration>
